Workbook

Sheet BIA
A2: DỰ TOÁN KINH TẾ KỸ THUẬT
A3: HỆ THỐNG QUẢN TRỊ CÔNG VIỆC VÀ KPI NỘI BỘ
A4: TÍCH HỢP MICROSOFT TEAMS (TEAMSWORK)
A6: Tên dự án: | B6: Hệ thống Quản trị Công việc và KPI Nội bộ tích hợp Microsoft Teams (TeamsWork)
A7: Chủ đầu tư: | B7: Trường Đại học Bách Khoa – Đại học Đà Nẵng
A8: Địa điểm: | B8: 54 Nguyễn Lương Bằng, Hoà Khánh Bắc, Liên Chiểu, Đà Nẵng
A9: Thời gian thực hiện: | B9: Năm 2026
A10: Tổng dự toán mục tiêu: | B10: 100.000.000 VNĐ (Một trăm triệu đồng)
A11: Phương pháp tính: | B11: UCP – Use Case Points (Theo QĐ 671/QĐ-BTTTT, QĐ 320/QĐ-BKHCN, NĐ 45/2026/NĐ-CP)
A12: Quy mô hệ thống: | B12: 513 User Stories / 10 Epics / 2 Phase / 8 Sprint
A13: Nhân sự dự án: | B13: 3 kỹ sư bán thời gian (PM, Tech Lead, QA Lead) + 15 AI Agents hỗ trợ
A14: Lập dự toán: | B14: Ngô Văn Công – Project Manager
A16: Đà Nẵng, năm 2026

Sheet PL1_Actors
A1: PHỤ LỤC I: DANH SÁCH TÁC NHÂN (ACTORS) – DỰ ÁN TEAMSWORK
A2: STT | B2: Tên tác nhân | C2: Mô tả / Chức năng sử dụng | D2: Phân loại | E2: Trọng số | F2: Ghi chú
A3: 1 | B3: Admin / IT Admin | C3: Quản trị toàn hệ thống: tạo/xóa tài khoản, phân quyền RBAC, cấu hình KPI, import danh sách nhân viên từ Azure AD, xem audit log, giám sát hiệu năng | D3: Phức tạp | E3: 3 | F3: GUI nhiều module, quyền cao nhất
A4: 2 | B4: Manager / Lãnh đạo | C4: Giao task cho nhân viên, theo dõi tiến độ Kanban, xem Dashboard KPI team, phê duyệt kết quả, nhận báo cáo tự động từ Bot | D4: Phức tạp | E4: 3 | F4: GUI phức tạp, nhiều tính năng
A5: 3 | B5: Nhân viên (Staff) | C5: Cập nhật trạng thái task (Kanban drag-drop), ghi nhận tiến độ, xem điểm KPI cá nhân, nhận thông báo nhắc việc từ Bot qua Teams | D5: Phức tạp | E5: 3 | F5: GUI chính của hệ thống
A6: 4 | B6: HR | C6: Xem toàn bộ báo cáo KPI tất cả nhân viên (12 tháng), so sánh, export Excel/PDF phục vụ tính lương thưởng | D6: Trung bình | E6: 2 | F6: Chủ yếu xem/xuất báo cáo
A7: 5 | B7: Hệ thống ngoài (Azure AD / MS Graph API / Bot Framework) | C7: Đồng bộ tài khoản & cơ cấu tổ chức tự động, gửi Adaptive Card nhắc việc qua Teams Channel, tích hợp SSO Microsoft 365 | D7: Đơn giản | E7: 1 | F7: API/Hệ thống, không có GUI
A9: Ghi chú phân loại Actor theo QĐ 671/QĐ-BTTTT:
A10: • Đơn giản (trọng số 1): Hệ thống bên ngoài, giao tiếp qua API đơn giản
A11: • Trung bình (trọng số 2): Người dùng tương tác qua giao diện chuẩn, chức năng hạn chế
A12: • Phức tạp (trọng số 3): Người dùng tương tác qua GUI phức tạp, nhiều module, nhiều quyền

Sheet PL2_UseCase
A1: PHỤ LỤC II: DANH SÁCH USE CASE & PHÂN LOẠI BMT – DỰ ÁN TEAMSWORK
A2: UC ID | B2: Tên Use Case | C2: Mô tả chức năng | D2: Epic | E2: # US | F2: Phân loại BMT | G2: Phân loại độ phức tạp
A3: UC-01 | B3: Quản lý định danh & phân quyền người dùng | C3: SSO Azure AD, RBAC, tạo/sửa/xóa role, whitelist domain, 2FA | D3: E1: Auth & User Mgmt | E3: 49 | F3: T | G3: Phức tạp
A4: UC-02 | B4: Quản lý danh mục cơ cấu tổ chức | C4: Cây phòng ban, import từ Excel/Azure AD, đồng bộ tự động hàng ngày | D4: E8: Admin & Config | E4: 40 | F4: M | G4: Trung bình
A5: UC-03 | B5: Quản lý cấu hình tính toán KPI | C5: Thiết lập công thức KPI, trọng số, ngưỡng điểm, chu kỳ đánh giá | D5: E3: KPI Management | E5: 62 | F5: T | G5: Phức tạp
A6: UC-04 | B6: Quản lý hồ sơ tài liệu phần mềm | C6: Help center, FAQ, tài liệu hướng dẫn dạng markdown trong app | D6: E8: Admin & Config | E6: 40 | F6: B | G6: Đơn giản
A7: UC-05 | B7: Ghi nhận log API & audit trail | C7: Log toàn bộ hành động: actor, action, timestamp, IP; export CSV | D7: E1: Auth & User Mgmt | E7: 49 | F7: M | G7: Trung bình
A8: UC-06 | B8: Quản lý nhật ký & lịch sử hoạt động | C8: Lịch sử hoạt động hệ thống, alert bất thường, báo cáo audit tuần | D8: E1: Auth & User Mgmt | E8: 49 | F8: B | G8: Đơn giản
A9: UC-07 | B9: Quản lý bộ dữ liệu mẫu & mock data | C9: Sinh dữ liệu mẫu 1000+ bản ghi logic cho demo và kiểm thử | D9: E8: Admin & Config | E9: 40 | F9: B | G9: Đơn giản
A10: UC-08 | B10: Cập nhật & quản lý dữ liệu nghiệp vụ | C10: CRUD tiêu chí KPI, template task, nhóm người dùng, broadcast thông báo | D10: E3: KPI Management | E10: 62 | F10: M | G10: Trung bình
A11: UC-09 | B11: Quản lý nhiệm vụ & công việc (Task Management) | C11: Tạo/sửa/xóa task, gán người, deadline, priority, attachment, comment | D11: E2: Task Management | E11: 67 | F11: T | G11: Phức tạp
A12: UC-10 | B12: Điều phối công việc theo mô hình Kanban | C12: Drag-drop task giữa các cột (To Do/In Progress/Done), swimlane theo người/team | D12: E2: Task Management | E12: 67 | F12: T | G12: Phức tạp
A13: UC-11 | B13: Quản lý tiêu chí & tính điểm KPI | C13: Tự động cộng/trừ điểm KPI khi task hoàn thành/trễ, xếp hạng, phân quyền xem theo phòng ban | D13: E3: KPI Management | E13: 62 | F13: T | G13: Phức tạp
A14: UC-12 | B14: Hệ thống nhắc việc tự động (Bot) | C14: Bot gửi Adaptive Card nhắc deadline trước 24h, nhắc check-in tiến độ, broadcast thông báo hệ thống | D14: E4: Bot & Notifications | E14: 59 | F14: T | G14: Phức tạp
... A19: UC-17 | B19: Kiểm thử & đảm bảo chất lượng | C19: Automation test API endpoint, UAT, kiểm thử bảo mật (VA), performance test | D19: E10: Testing & QA | E19: 30 | F19: M | G19: Trung bình
A21: TỔNG HỢP PHÂN LOẠI USE CASE
A22: Nhóm | B22: Mô tả | C22: Số UC | D22: Số US tương ứng | E22: Ghi chú
A23: B | B23: Đơn giản (≤3 SP/task) | C23: 3 | D23: =SUM(E5,E8,E9) -> 151 | E23: 5×1×1 = 5 điểm/UC
A24: M | B24: Trung bình (5 SP/task) | C24: 4 | D24: =SUM(E7,E10,E20) -> 111 | E24: 10×1.2 = 12 điểm/UC
A25: T | B25: Phức tạp (≥8 SP/task) | C25: 10 | D25: =SUM(E4,E5,E6,E11,E13,E14,E15,E16,E17,E18) -> 552 | E25: 15×1.5 = 22.5 điểm/UC
A26: TỔNG | C26: =SUM(C23:C25) -> 17 | D26: 513 | E26: 17 Use Cases chính / 513 User Stories

Sheet PL3_TAW
A1: PHỤ LỤC III: TÍNH ĐIỂM TÁC NHÂN (TAW) – DỰ ÁN TEAMSWORK
A2: STT | B2: Loại Actor | C2: Trọng số | D2: Số tác nhân | E2: Điểm | F2: Chi tiết
A3: 1 | B3: Đơn giản | C3: 1 | D3: 1 | E3: =C3*D3 -> 1 | F3: Hệ thống ngoài (Azure AD, MS Graph API, Bot Framework)
A4: 2 | B4: Trung bình | C4: 2 | D4: 1 | E4: =C4*D4 -> 2 | F4: HR – giao diện chuẩn, chức năng xem & export báo cáo
A5: 3 | B5: Phức tạp | C5: 3 | D5: 3 | E5: =C5*D5 -> 9 | F5: Admin/IT Admin, Manager/Lãnh đạo, Nhân viên (GUI phức tạp)
A6: Cộng (1+2+3) | D6: =SUM(D3:D5) -> 5 | E6: =SUM(E3:E5) -> 12 | F6: Tổng số Actor: 5
A7: TAW = Tổng điểm tác nhân không hiệu chỉnh | E7: =E6 -> 12 | F7: Công thức: Σ(Số Actor × Trọng số)
A9: Căn cứ: QĐ 671/QĐ-BTTTT ngày 26/04/2024 – Phụ lục phương pháp tính UCP
A10: TAW = Σ (Số lượng Actor theo từng loại × Trọng số tương ứng)

Sheet PL4_TBF
A1: PHỤ LỤC IV: TÍNH ĐIỂM USE CASE (TBF) – DỰ ÁN TEAMSWORK
A2: STT | B2: Loại UC | C2: Trọng số | D2: Hệ số BMT | E2: Số UC | F2: Điểm | G2: Ghi chú
A3: 1 | B3: B – Đơn giản | C3: 5 | D3: 1 | E3: 3 | F3: =C3*D3*E3 -> 15 | G3: UC-04, UC-06, UC-07 (tài liệu, log, mock data)
B4: B – Trung bình | C4: 10 | D4: 1 | E4: 0 | F4: =C4*D4*E4 -> 0
B5: B – Phức tạp | C5: 15 | D5: 1 | E5: 0 | F5: =C5*D5*E5 -> 0
A6: 2 | B6: M – Đơn giản | C6: 5 | D6: 1.2 | E6: 0 | F6: =C6*D6*E6 -> 0
B7: M – Trung bình | C7: 10 | D7: 1.2 | E7: 4 | F7: =C7*D7*E7 -> 48 | G7: UC-02, UC-05, UC-08, UC-17 (cơ cấu tổ chức, log API, dữ liệu nghiệp vụ, kiểm thử)
B8: M – Phức tạp | C8: 15 | D8: 1.2 | E8: 0 | F8: =C8*D8*E8 -> 0
A9: 3 | B9: T – Đơn giản | C9: 5 | D9: 1.5 | E9: 0 | F9: =C9*D9*E9 -> 0
B10: T – Trung bình | C10: 10 | D10: 1.5 | E10: 0 | F10: =C10*D10*E10 -> 0
B11: T – Phức tạp | C11: 15 | D11: 1.5 | E11: 10 | F11: =C11*D11*E11 -> 225 | G11: UC-01,03,09,10,11,12,13,14,15,16 (định danh, KPI, Task, Kanban, Bot, Dashboard, Báo cáo, Liên đơn vị, M365)
A12: Cộng (1+2+3) | E12: =SUM(E3:E11) -> 17 | F12: =SUM(F3:F11) -> 288 | G12: Tổng 513 UC
A13: TBF | F13: =F12 -> 288 | G13: Tổng điểm UC không hiệu chỉnh
A15: Trọng số theo QĐ 671: Đơn giản=5, Trung bình=10, Phức tạp=15
A16: Hệ số BMT (Business Management Type): B=1.0 (Basic), M=1.2 (Medium), T=1.5 (Transactional)

Sheet PL5_TCF
A1: PHỤ LỤC V: HỆ SỐ PHỨC TẠP KỸ THUẬT – CÔNG NGHỆ (TCF) – TEAMSWORK
A2: I. HỆ SỐ KỸ THUẬT – CÔNG NGHỆ (TFW)
A3: TT | B3: Hệ số kỹ thuật – công nghệ | C3: Trọng số (Wi) | D3: Điểm Fi (0–5) | E3: Kết quả (Wi×Fi) | F3: Lý do chấm điểm TeamsWork
A4: T1 | B4: Xử lý phân tán | C4: 2 | D4: 2 | E4: =C4*D4 -> 4 | F4: Teams Tab + Bot Service + Backend API chạy riêng biệt
A5: T2 | B5: Mức độ quan trọng của hiệu năng | C5: 1 | D5: 3 | E5: =C5*D5 -> 3 | F5: Yêu cầu load task Kanban <2s, KPI realtime
A6: T3 | B6: Hiệu quả sử dụng cho người dùng | C6: 1 | D6: 4 | E6: =C6*D6 -> 4 | F6: Fluent UI thiết kế UX chuẩn Microsoft, drag-drop mượt
A7: T4 | B7: Độ phức tạp xử lý bên trong | C7: 1 | D7: 3 | E7: =C7*D7 -> 3 | F7: Engine tính KPI tự động, scoring, ranking, alert logic
A8: T5 | B8: Khả năng tái sử dụng mã nguồn | C8: 1 | D8: 3 | E8: =C8*D8 -> 3 | F8: Component Fluent UI, hook React, module KPI dùng chung
A9: T6 | B9: Dễ cài đặt | C9: 0.5 | D9: 2 | E9: =C9*D9 -> 1 | F9: Cài qua Teams App Catalog hoặc Sideload Manifest
A10: T7 | B10: Dễ vận hành | C10: 0.5 | D10: 3 | E10: =C10*D10 -> 1.5 | F10: Admin Panel đầy đủ, hướng dẫn vận hành, onboarding tour
A11: T8 | B11: Khả năng chuyển đổi sang nền tảng khác | C11: 2 | D11: 1 | E11: =C11*D11 -> 2 | F11: Thiết kế embedded trong Teams, ít chuyển đổi
A12: T9 | B12: Dễ bảo trì | C12: 1 | D12: 3 | E12: =C12*D12 -> 3 | F12: Code module hóa, tài liệu kỹ thuật đầy đủ, CI/CD
A13: T10 | B13: Xử lý đồng thời (concurrent users) | C13: 1 | D13: 2 | E13: =C13*D13 -> 2 | F13: Nhiều user cùng cập nhật Kanban, session đồng thời
A14: T11 | B14: Mức độ hỗ trợ bảo mật | C14: 1 | D14: 4 | E14: =C14*D14 -> 4 | F14: AES-256 at-rest, HTTPS/HSTS, RBAC, Azure Key Vault, block brute-force
A15: T12 | B15: Phụ thuộc mã nguồn / thư viện bên thứ ba | C15: 1 | D15: 3 | E15: =C15*D15 -> 3 | F15: Azure AD SDK, MS Graph Client, Bot Framework, Fluent UI
A16: T13 | B16: Hỗ trợ đào tạo người sử dụng | C16: 1 | D16: 2 | E16: =C16*D16 -> 2 | F16: Đào tạo 2 nhóm, tài liệu, video hướng dẫn, FAQ trong app
A17: TFW = Tổng Wi × Fi | E17: =SUM(E4:E16) -> 35.5 | F17: Tổng điểm hệ số kỹ thuật
A19: II. HỆ SỐ PHỨC TẠP KỸ THUẬT (TCF)
A20: Công thức: TCF = 0.6 + (0.01 × TFW) | E20: =0.6+(0.01*E17) -> 0.955 | F20: Hệ số phức tạp kỹ thuật – công nghệ

Sheet PL6_ECF
A1: PHỤ LỤC VI: HỆ SỐ MÔI TRƯỜNG & NHÓM LÀM VIỆC (ECF) – TEAMSWORK
A2: I. HỆ SỐ MÔI TRƯỜNG (EFW)
A3: TT | B3: Hệ số môi trường | C3: Trọng số (Wi) | D3: Điểm Fi (0–5) | E3: Kết quả (Wi×Fi) | F3: Đánh giá thực tế đội TeamsWork
A4: E1 | B4: Quen thuộc với quy trình phát triển phần mềm | C4: 1.5 | D4: 4 | E4: =C4*D4 -> 6 | F4: Áp dụng Scrum + PMBOK, có PM Lead điều phối, sprint planning rõ ràng
A5: E2 | B5: Kinh nghiệm làm ứng dụng thực tế | C5: 0.5 | D5: 3 | E5: =C5*D5 -> 1.5 | F5: Sinh viên năm cuối ĐHBK, có project môn học trước đó
A6: E3 | B6: Kinh nghiệm về lập trình hướng đối tượng | C6: 1 | D6: 4 | E6: =C6*D6 -> 4 | F6: Đào tạo kỹ thuật tốt tại ĐHBK, Node.js/React OOP
A7: E4 | B7: Năng lực chủ trì phân tích hệ thống | C7: 0.5 | D7: 3 | E7: =C7*D7 -> 1.5 | F7: Tech Lead có kinh nghiệm phân tích, backlog 513 US rõ ràng
A8: E5 | B8: Động lực làm việc của nhóm | C8: 1 | D8: 5 | E8: =C8*D8 -> 5 | F8: Dự án môn học quan trọng, mục tiêu rõ, đội ngũ nhiệt tình
A9: E6 | B9: Mức độ ổn định của yêu cầu | C9: 2 | D9: 3 | E9: =C9*D9 -> 6 | F9: Product Backlog 513 US đã freeze, ít thay đổi trong quá trình dev
A10: E7 | B10: Nhân viên bán thời gian (part-time) | C10: -1 | D10: 3 | E10: =C10*D10 -> -3 | F10: 3 nhân sự chính bán thời gian – ảnh hưởng đến năng suất (Fi=3)
A11: E8 | B11: Ngôn ngữ lập trình khó | C11: -1 | D11: 2 | E11: =C11*D11 -> -2 | F11: Node.js + React + Teams Toolkit: tương đối quen, không quá khó
A12: EFW = Tổng Wi × Fi | E12: =SUM(E4:E11) -> 19 | F12: Tổng điểm hệ số môi trường
A14: II. HỆ SỐ MÔI TRƯỜNG (ECF)
A15: Công thức: ECF = 1.4 + (−0.03 × EFW) | E15: =1.4+(-0.03*E12) -> 0.83 | F15: Hệ số tác động môi trường nhóm làm việc

Sheet PL7_Luong
A1: PHỤ LỤC VII: BẢNG TÍNH LƯƠNG NHÂN CÔNG – DỰ ÁN TEAMSWORK
A2: (Theo QĐ 320/QĐ-BKHCN ngày 30/3/2025 – 3 kỹ sư bán thời gian, bậc 2)
A3: STT | B3: Hạng mục | C3: Ký hiệu | D3: Công thức | E3: Kỹ sư bậc 1 | F3: Kỹ sư bậc 2 | G3: Kỹ sư bậc 3 | H3: Ghi chú
A4: 1 | B4: Hệ số cấp bậc | C4: HCB | E4: 2.34 | F4: 2.65 | G4: 2.96 | H4: QĐ 320/QĐ-BKHCN ngày 30/3/2025
A5: 2 | B5: Hệ số phụ cấp lương | C5: HPC | E5: 0 | F5: 0 | G5: 0 | H5: Không có phụ cấp
A6: 3 | B6: Mức lương cơ sở | C6: MLCS | E6: 2340000 | F6: 2340000 | G6: 2340000 | H6: NĐ 73/2024/NĐ-CP ngày 30/6/2024
A7: 4 | B7: Lương cơ bản | C7: LCB | D7: HCB × MLCS | E7: =E4*E6 -> 5475600 | F7: =F4*F6 -> 6201000 | G7: =G4*G6 -> 6926400
A8: 5 | B8: Hệ số điều chỉnh tăng lương | C8: HĐC | E8: 0.9 | F8: 0.9 | G8: 0.9 | H8: NĐ 74/2024/NĐ-CP
A9: 6 | B9: Các khoản đóng góp theo lương | C9: BHLĐ | D9: BHXH + BHYT + BHTN | E9: =E10+E11+E12 -> 1177254 | F9: =F10+F11+F12 -> 1333215 | G9: =G10+G11+G12 -> 1489176 | H9: QĐ 320/QĐ-BKHCN
A10: 6.1 | B10: Bảo hiểm xã hội (17,5%) | C10: BHXH | D10: 17.5% × LCB | E10: =17.5%*E7 -> 958230 | F10: =17.5%*F7 -> 1085175 | G10: =17.5%*G7 -> 1212120 | H10: NĐ 58/2020/NĐ-CP
A11: 6.2 | B11: Bảo hiểm y tế (3%) | C11: BHYT | D11: 3% × LCB | E11: =3%*E7 -> 164268 | F11: =3%*F7 -> 186030 | G11: =3%*G7 -> 207792 | H11: QĐ 595/QĐ-BHXH
A12: 6.3 | B12: Bảo hiểm thất nghiệp (1%) | C12: BHTN | D12: 1% × LCB | E12: =1%*E7 -> 54756 | F12: =1%*F7 -> 62010 | G12: =1%*G7 -> 69264 | H12: QĐ 595/QĐ-BHXH
A13: 7 | B13: Số ngày công trong tháng | C13: t | E13: 26 | F13: 26 | G13: 26 | H13: QĐ 320/QĐ-BKHCN
A14: 8 | B14: Giá ngày công | C14: GNC | D14: [(HCB+HPC)×MLCS×(1+HĐC)+BHLĐ]/t | E14: =((E4+E5)*E6*(1+E8)+E9)/E13 -> 445419 | F14: =((F4+F5)*F6*(1+F8)+F9)/F13 -> 504427.5 | G14: =((G4+G5)*G6*(1+G8)+G9)/G13 -> 563436 | H14: QĐ 320
A15: 9 | B15: Giá giờ công | C15: GGC | D15: GNC / 8 | E15: =E14/8 -> 55677.375 | F15: =F14/8 -> 63053.438 | G15: =G14/8 -> 70429.5
A16: 10 | B16: Số nhân công (bán thời gian) | C16: NC | E16: 0 | F16: 3 | G16: 0 | H16: 3 kỹ sư bậc 2 bán thời gian
A17: Mức lương lao động bình quân (H) | E17: =IF(SUM(E16:G16)=0,0,SUMPRODUCT(E15:G15,E16:G16)/SUM(E16:G16)) -> 63053.438 | H17: Đơn giá giờ công BQ (đồng/giờ) – đầu vào cho G

Sheet PL8_ChiPhi_G
A1: 2
A2: Công thức: G = 1.4 × E × P × H | Theo QĐ 671/QĐ-BTTTT
A3: TT | B3: Hạng mục | C3: Diễn giải | D3: Ký hiệu | E3: Giá trị | F3: Ghi chú / Nguồn
A4: TÍNH ĐIỂM USE CASE
A5: 1 | B5: Điểm Actor không hiệu chỉnh (TAW) | C5: Tổng điểm Actor theo loại | D5: TAW | E5: =PL3_TAW!E7 -> 12 | F5: Phụ lục III
A6: 2 | B6: Điểm Use Case không hiệu chỉnh (TBF) | C6: Tổng điểm UC × Trọng số × Hệ số BMT | D6: TBF | E6: =PL4_TBF!F13 -> 288 | F6: Phụ lục IV
A7: 3 | B7: Điểm UC chưa hiệu chỉnh (UUCP) | C7: UUCP = TAW + TBF | D7: UUCP | E7: =E5+E6 -> 300 | F7: Phụ lục III + IV
A8: 4 | B8: Hệ số phức tạp kỹ thuật (TCF) | C8: TCF = 0.6 + (0.01 × TFW) | D8: TCF | E8: =PL5_TCF!E20 -> 0.955 | F8: Phụ lục V
A9: 5 | B9: Hệ số phức tạp môi trường (ECF) | C9: ECF = 1.4 + (−0.03 × EFW) | D9: ECF | E9: =PL6_ECF!E15 -> 0.83 | F9: Phụ lục VI
A10: 6 | B10: Điểm UC sau hiệu chỉnh (AUCP) | C10: AUCP = UUCP × TCF × ECF | D10: AUCP | E10: =E7*E8*E9 -> 237.795
A11: NỘI SUY THỜI GIAN LAO ĐỘNG
A12: 7 | B12: Thời gian lao động theo UC (P) | C12: Nội suy 20–28 giờ/điểm UC (ECF=0.83) | D12: P | E12: 20 | F12: Nội suy từ ECF=0.83 (khoảng 20-28 giờ) – phù hợp quy mô 17 UC
A13: GIÁ TRỊ NỖ LỰC THỰC TẾ
A14: 8 | B14: Giá trị nỗ lực thực tế (E) | C14: E = (10/6) × AUCP | D14: E | E14: =10/6*E10 -> 396.325 | F14: Giờ công
A15: ĐƠN GIÁ NHÂN CÔNG
A16: 9 | B16: Mức lương lao động bình quân (H) | C16: Đơn giá giờ công BQ – 3 KS bậc 2 bán thời gian | D16: H | E16: =PL7_Luong!E17 -> 63053.438 | F16: đồng/giờ – Phụ lục VII
A17: CHI PHÍ TRỰC TIẾP
A18: 10 | B18: Chi phí trực tiếp phần mềm nội bộ (G) | C18: G = 1.4 × E × P × H | D18: G | E18: =1.4*E14*E12*E16 -> 6.997103e+08 | F18: đồng

Sheet TONG_HOP
A1: BẢNG TỔNG HỢP CHI PHÍ PHẦN MỀM NỘI BỘ – DỰ ÁN TEAMSWORK
A2: Theo Quyết định số 671/QĐ-BTTTT ngày 26/04/2024 của Bộ TT&TT
A3: Căn cứ NĐ 45/2026/NĐ-CP ngày 26/01/2026 (thay thế NĐ 73/2019, NĐ 82/2024)
A4: Tên dự án/Nhiệm vụ: | B4: Xây dựng Hệ thống Quản trị Công việc và KPI Nội bộ tích hợp Microsoft Teams (TeamsWork)
A5: Chủ đầu tư: | B5: Trường Đại học Bách Khoa – Đại học Đà Nẵng
A6: TT | B6: Khoản mục chi phí | C6: Cách tính | D6: Ký hiệu | E6: Thành tiền (đồng) | F6: %
A7: 1 | B7: Chi phí trực tiếp XD, PT, MR phần mềm nội bộ | C7: G = 1.4 × E × P × H | D7: G | E7: =PL8_ChiPhi_G!E18 -> 6.997103e+08
A8: 2 | B8: Chi phí chung | C8: C = G × 65% | D8: C | E8: =E7*0.65 -> 4.548117e+08
A9: 3 | B9: Thu nhập chịu thuế tính trước | C9: TL = (G+C) × 6% | D9: TL | E9: =(E7+E8)*0.06 -> 69271320
A10: 4 | B10: Chi phí XD, PT, MR phần mềm nội bộ | C10: GPM = G + C + TL | D10: GPM | E10: =E7+E8+E9 -> 1.2237933e+09
A11: 5 | B11: Chi phí dự phòng | C11: Gdp = GPM × 10% | D11: Gdp | E11: =E10*0.1 -> 1.2237933e+08
A12: TỔNG CỘNG (Gpm = GPM + Gdp) | E12: =E10+E11 -> 1.3461726e+09
A14: THÔNG SỐ BỔ SUNG
A15: STT | B15: Khoản mục | C15: Công thức | D15: Tỷ lệ | E15: Căn cứ pháp lý
A16: 1 | B16: Tỷ lệ chi phí chung (C) | C16: C = G × 65% | D16: 65% | E16: Theo TT 04/2020/TT-BXD
A17: 2 | B17: Tỷ lệ thu nhập chịu thuế tính trước (TL) | C17: TL = (G+C) × 6% | D17: 6% | E17: Theo TT 04/2020/TT-BXD
A18: 3 | B18: Tỷ lệ chi phí dự phòng (Gdp) | C18: Gdp = GPM × 10% | D18: 10% | E18: Theo NĐ 45/2026/NĐ-CP

Sheet DT_KiemThuCN
A1: DỰ TOÁN CHI PHÍ KIỂM THỬ CHỨC NĂNG PHẦN MỀM NỘI BỘ (GKT)
A2: Theo Công văn số 3787/BTTTT-THH – Bộ Thông tin và Truyền thông
A3: Dự án: Hệ thống Quản trị Công việc và KPI Nội bộ tích hợp Microsoft Teams (TeamsWork)
A4: THÔNG SỐ ĐẦU VÀO
A5: Thông số | B5: Diễn giải | C5: Ký hiệu | D5: Giá trị | E5: Đơn vị
A6: 1 | B6: Số chức năng kiểm thử | C6: n | D6: 23 | E6: chức năng
A7: 2 | B7: Mức độ kiểm thử | C7: m | D7: Đầy đủ | E7: –
A8: 3 | B8: Số lần kiểm thử mỗi chức năng | C8: k | D8: 3 | E8: lần/CN
A9: 4 | B9: Giá ngày công kiểm thử (QĐ 320, bậc 2) | C9: GNC_KT | D9: =PL7_Luong!F15*8 -> 504427.5 | E9: đồng/ngày
A10: 5 | B10: Số ngày công ước tính mỗi chức năng | C10: t_cn | D10: 0.5 | E10: ngày/CN/lần
A11: 6 | B11: Chi phí công cụ kiểm thử (Playwright, Postman) | C11: C_tool | D11: 2000000 | E11: đồng
A12: 7 | B12: Chi phí lập báo cáo kiểm thử | C12: C_report | D12: 3000000 | E12: đồng
A14: BẢNG TÍNH CHI PHÍ KIỂM THỬ CHỨC NĂNG
A15: STT | B15: Khoản mục chi phí | C15: Công thức | D15: Ký hiệu | E15: Thành tiền (đồng) | F15: VAT | G15: Sau thuế (đồng)
A16: 1 | B16: Chi phí nhân công kiểm thử chức năng | C16: n × k × t_cn × GNC_KT | D16: C_NC | E16: =D6*D8*D10*D9 -> 17402749
A17: 2 | B17: Chi phí công cụ kiểm thử tự động | C17: Playwright, Postman, công cụ automation | D17: C_tool | E17: =D11 -> 2000000
A18: 3 | B18: Chi phí lập tài liệu, báo cáo kiểm thử | C18: Usecase KT, biên bản, báo cáo đầu ra | D18: C_rpt | E18: =D12 -> 3000000
A19: 4 | B19: Chi phí chung (65% × C_NC) | C19: Theo TT 04/2020/TT-BXD | D19: C_chung | E19: =E16*0.65 -> 11311787
A20: 5 | B20: Thu nhập chịu thuế tính trước (6%) | C20: (C_NC + C_chung) × 6% | D20: TL | E20: =(E16+E19)*0.06 -> 1722872.1
A21: TỔNG CHI PHÍ KIỂM THỬ CHỨC NĂNG (GKT) | E21: =E16+E17+E18+E19+E20 -> 35437408 | F21: =E21*0.1 -> 3543740.8 | G21: =E21+F21 -> 38981148
A23: Căn cứ lập dự toán:
A24: – Công văn số 3787/BTTTT-THH của Bộ Thông tin và Truyền thông về hướng dẫn lập dự toán kiểm thử phần mềm nội bộ.
A25: – QĐ 320/QĐ-BKHCN ngày 30/3/2025: Đơn giá ngày công kỹ sư bậc 2.
A26: – TT 04/2020/TT-BXD: Tỷ lệ chi phí chung 65%, thu nhập chịu thuế 6%.
A27: – Phạm vi: Kiểm thử 17 Use Case (23 nhóm yêu cầu), mỗi chức năng thực hiện tối thiểu 3 lần với dữ liệu hợp lệ, lỗi và biên theo đặc tả kỹ thuật.
A28: – Sản phẩm bàn giao: Bộ Usecase kiểm thử chi tiết, Biên bản kiểm thử, Báo cáo kết quả đầu vào/đầu ra từng chức năng.

Sheet DT_KiemThuATTT
A1: DỰ TOÁN CHI PHÍ KIỂM THỬ AN TOÀN AN NINH THÔNG TIN (GKTATTT)
A2: Theo Thông tư số 121/2018/TT-BTC ngày 07/12/2018 của Bộ Tài chính
A3: Dự án: Hệ thống Quản trị Công việc và KPI Nội bộ tích hợp Microsoft Teams (TeamsWork)
A4: THÔNG TIN HỆ THỐNG CẦN KIỂM THỬ
A5: Hạng mục | B5: Thông tin | C5: Ghi chú
A6: 1 | B6: Tên hệ thống | C6: Hệ thống Quản trị Công việc và KPI Nội bộ (TeamsWork)
A7: 2 | B7: Loại hệ thống | C7: Ứng dụng web nhúng Microsoft Teams (Tab App)
A8: 3 | B8: Cấp độ ATTT đề xuất | C8: Cấp độ 2 | F8: Theo TT 13/2017/TT-BTTTT
A9: 4 | B9: Số module/phân hệ | C9: 8 module chính (Auth, Task, KPI, Bot, Dashboard, Report, Admin, Integration)
A10: 5 | B10: Số API endpoint | C10: ~45 endpoints (CRUD task, KPI, user, report, bot, audit) | F10: Ước tính từ thiết kế hệ thống
A11: 6 | B11: Môi trường kiểm thử | C11: Staging environment trên Azure Cloud | F11: Độc lập với production
A12: 7 | B12: Đơn giá ngày công (QĐ 320, bậc 2) | C12: =PL7_Luong!F15*8 -> 504427.5 | F12: đồng/ngày
A14: BẢNG TÍNH CHI PHÍ KIỂM THỬ AN TOÀN THÔNG TIN
A15: STT | B15: Hạng mục kiểm thử ATTT | C15: Nội dung thực hiện | D15: Số ngày công | E15: Đơn giá (đ/ngày) | F15: Thành tiền (đồng) | G15: Ghi chú
A16: 1 | B16: Rà quét lỗ hổng bảo mật (Vulnerability Assessment) | C16: Dò quét toàn bộ 45 API endpoints, giao diện web, cấu hình server bằng công cụ OWASP ZAP, Nessus | D16: 3 | E16: =D16*$C$12 -> 1513282.5 | F16: =D16*E16 -> 4539847.5 | G16: OWASP ZAP + báo cáo VA
A17: 2 | B17: Kiểm thử xâm nhập (Penetration Testing) | C17: Khai thác thử các lỗ hổng phát hiện ở bước 1; kiểm tra OWASP Top 10 (SQLi, XSS, CSRF, IDOR...) | D17: 4 | E17: =D17*$C$12 -> 2017710 | F17: =D17*E17 -> 8070840 | G17: OWASP Top 10
A18: 3 | B18: Kiểm tra bảo mật xác thực & phân quyền | C18: Kiểm thử SSO Azure AD, JWT token, RBAC, brute-force protection, session timeout | D18: 2 | E18: =D18*$C$12 -> 1008855 | F18: =D18*E18 -> 2017710 | G18: Bảo mật SSO/RBAC
A19: 4 | B19: Kiểm tra mã hóa & bảo mật dữ liệu | C19: Xác minh AES-256 at-rest, HTTPS/HSTS, TLS 1.2+, Azure Key Vault, không lộ thông tin nhạy cảm | D19: 1 | E19: =D19*$C$12 -> 504427.5 | F19: =D19*E19 -> 504427.5 | G19: Data security
A20: 5 | B20: Đánh giá cấu hình hạ tầng & mạng | C20: Kiểm tra cấu hình Azure, firewall rules, network security groups, exposed ports | D20: 1 | E20: =D20*$C$12 -> 504427.5 | F20: =D20*E20 -> 504427.5 | G20: Cloud security config
A21: 6 | B21: Lập hồ sơ cấp độ ATTT & báo cáo tổng hợp | C21: Xây dựng hồ sơ cấp độ 2, báo cáo đánh giá rủi ro, khuyến nghị khắc phục | D21: 2 | E21: =D21*$C$12 -> 1008855 | F21: =D21*E21 -> 2017710 | G21: TT 13/2017/TT-BTTTT
A22: 7 | B22: Chi phí công cụ kiểm thử chuyên dụng | C22: License OWASP ZAP Pro, Nessus Essentials, Burp Suite Community (nếu cần) | D22: – | E22: – | F22: 3000000 | G22: Chi phí ước tính
A23: 8 | B23: Chi phí chung (65% × chi phí nhân công) | C23: Theo TT 04/2020/TT-BXD | F23: =SUM(F16:F21)*0.65 -> 11475726
A24: 9 | B24: Thu nhập chịu thuế tính trước (6%) | C24: (Chi phí NC + Chi phí chung) × 6% | F24: =(SUM(F16:F21)+F23)*0.06 -> 1747841.3
A25: TỔNG CHI PHÍ KIỂM THỬ ATTT (GKTATTT) – CHƯA VAT | F25: =SUM(F16:F22)+F23+F24 -> 33878529
A26: VAT (10%) | F26: =F25*0.1 -> 3387852.9
A27: TỔNG CHI PHÍ KIỂM THỬ ATTT (GKTATTT) – SAU VAT | F27: =F25+F26 -> 37266382
A29: Căn cứ lập dự toán:
A30: – Thông tư số 121/2018/TT-BTC ngày 07/12/2018 của Bộ Tài chính hướng dẫn lập dự toán, quản lý, sử dụng và quyết toán kinh phí thực hiện các cuộc kiểm tra, đánh giá an toàn hệ thống thông tin.
A31: – Thông tư 13/2017/TT-BTTTT: Quy định về yêu cầu bảo đảm an toàn thông tin theo cấp độ hệ thống (Cấp độ 2 áp dụng cho TeamsWork).
A32: – QĐ 320/QĐ-BKHCN ngày 30/3/2025: Đơn giá ngày công kỹ sư bậc 2.
A33: – TT 04/2020/TT-BXD: Tỷ lệ chi phí chung 65%, thu nhập chịu thuế 6%.
A34: – Phạm vi: Kiểm thử toàn diện bảo mật hệ thống TeamsWork bao gồm VA, Pentest, kiểm tra OWASP Top 10, bảo mật SSO/RBAC, mã hóa dữ liệu và cấu hình hạ tầng Azure.
A35: – Sau kiểm thử, đơn vị thực hiện bàn giao: Báo cáo VA, Báo cáo Pentest, Hồ sơ cấp độ ATTT cấp 2, Biên bản đánh giá và gợi ý khắc phục.

Sheet TONG_DU_TOAN
A1: BẢNG TỔNG HỢP DỰ TOÁN TOÀN DỰ ÁN – TEAMSWORK
A2: Theo NĐ 45/2026/NĐ-CP | QĐ 671/QĐ-BTTTT | QĐ 1688/QĐ-BTTTT | QĐ 320/QĐ-BKHCN
A3: Tên dự án: | B3: Xây dựng Hệ thống Quản trị Công việc và KPI Nội bộ tích hợp Microsoft Teams (TeamsWork) | E3: Chủ đầu tư: | F3: Trường Đại học Bách Khoa – Đại học Đà Nẵng
A4: Stt | B4: Nội dung chi phí | C4: Ký hiệu | D4: Công thức | E4: Giá trị trước thuế (đ) | F4: VAT (đ) | G4: Giá trị sau thuế (đ)
A5: I | B5: Chi phí phần mềm nội bộ (có dự phòng) | C5: GPM | D5: Theo QĐ 671/QĐ-BTTTT | E5: =TONG_HOP!E12 -> 1.3461726e+09 | G5: =E5 -> 1.3461726e+09
A6: II | B6: Chi phí quản lý dự án | C6: GQL | D6: GPM × 1.855% | E6: =E5*0.01855 -> 24971503 | G6: =E6 -> 24971503
A7: III | B7: Chi phí tư vấn đầu tư | C7: GTV | D7: GTV1+GTV2+GTV3+GTV4 | E7: =SUM(E8:E11) -> 57000684 | F7: =SUM(F8:F11) -> 600000 | G7: =E7+F7 -> 57600684
A8: 1 | B8: Chi phí lập báo cáo kinh tế – kỹ thuật | C8: GTV1 | D8: GPM × 3.64%, min 10tr | E8: =MAX(E5*0.0364,10000000) -> 49000684 | G8: =E8 -> 49000684
A9: 2 | B9: Chi phí thẩm tra dự toán | C9: GTV2 | D9: GPM × 0.085%, min 2tr | E9: =MAX(E5*0.00085,2000000) -> 2000000 | G9: =E9 -> 2000000
A10: 3 | B10: Chi phí lập hồ sơ mời thầu | C10: GTV3 | D10: GPM × 0.2%, min 3tr | E10: =MAX(E5*0.002,3000000) -> 3000000 | F10: =E10*0.1 -> 300000 | G10: =E10+F10 -> 3300000
A11: 4 | B11: Chi phí đánh giá hồ sơ dự thầu | C11: GTV4 | D11: GPM × 0.2%, min 3tr | E11: =MAX(E5*0.002,3000000) -> 3000000 | F11: =E11*0.1 -> 300000 | G11: =E11+F11 -> 3300000
A12: IV | B12: Chi phí khác | C12: GK | D12: GKT + GKTATTT + GK1 + GK2 | E12: =SUM(E13:E16) -> 74315937 | F12: =SUM(F13:F16) -> 500000 | G12: =E12+F12 -> 74815937
A13: 1 | B13: Chi phí kiểm thử chức năng phần mềm | C13: GKT | D13: Theo CV 3787/BTTTT-THH (xem sheet DT_KiemThuCN) | E13: =DT_KiemThuCN!E21 -> 35437408 | G13: =E13 -> 35437408
A14: 2 | B14: Chi phí kiểm thử an toàn an ninh TT | C14: GKTATTT | D14: Theo TT 121/2018/TT-BTC (xem sheet DT_KiemThuATTT) | E14: =DT_KiemThuATTT!F25 -> 33878529 | G14: =E14 -> 33878529
A15: 3 | B15: Chi phí thẩm định HSMT | C15: GK1 | D15: GPM × 0.1%, min 2tr | E15: =MAX(E5*0.001,2000000) -> 2000000 | F15: =E15*0.1 -> 200000 | G15: =E15+F15 -> 2200000
A16: 4 | B16: Chi phí thẩm định kết quả đấu thầu | C16: GK2 | D16: GPM × 0.1%, min 3tr | E16: =MAX(E5*0.001,3000000) -> 3000000 | F16: =E16*0.1 -> 300000 | G16: =E16+F16 -> 3300000
A17: V | B17: Chi phí dự phòng toàn dự án | C17: GDP | D17: (GPM+GQL+GTV+GK)×10% | E17: =(E5+E6+E7+E12)*0.1 -> 1.5024608e+08 | G17: =E17 -> 1.5024608e+08
A18: TỔNG CỘNG TOÀN DỰ ÁN | E18: =E5+E6+E7+E12+E17 -> 1.6527068e+09 | F18: =SUM(F8:F11)+SUM(F13:F16) -> 1100000 | G18: =E5+E6+G7+G12+E17 -> 1.6538068e+09
A20: THÔNG SỐ TỶ LỆ ÁP DỤNG
A21: TT | B21: Thông số | C21: Ký hiệu | D21: Văn bản áp dụng | E21: Tỷ lệ
A22: 1 | B22: Chi phí quản lý dự án | C22: GQL | D22: QĐ 1688/QĐ-BTTTT (Bảng 1) | E22: 1.855%
A23: 2 | B23: Chi phí lập BCKTKT | C23: GTV1 | D23: QĐ 1688/QĐ-BTTTT (Bảng 2) | E23: 3.64%
A24: 3 | B24: Chi phí thẩm tra dự toán | C24: GTV2 | D24: QĐ 1688/QĐ-BTTTT (Bảng 2) | E24: 0.085%
A25: 4 | B25: Chi phí lập HSMT & đánh giá HSDT | C25: GTV3/4 | D25: NĐ 214/2025/NĐ-CP | E25: 0.2% mỗi khoản
A26: 5 | B26: Thuế suất VAT | C26: VAT | D26: Luật thuế GTGT hiện hành | E26: 10%
A27: 6 | B27: Dự phòng phí | C27: GDP | D27: NĐ 45/2026/NĐ-CP | E27: 10%
